/* Resetting and inserting into the database */


USE findmybus;
SET FOREIGN_KEY_CHECKS = 0; 
TRUNCATE TABLE bus_stop;
TRUNCATE TABLE bus_route;
TRUNCATE TABLE bus_stops_on_route;
SET FOREIGN_KEY_CHECKS = 1;

/* Building the bus routes */
INSERT INTO bus_route (id, name) VALUES (1, '1');
INSERT INTO bus_route (id, name) VALUES (2, '2');
INSERT INTO bus_route (id, name) VALUES (3, '3');
INSERT INTO bus_route (id, name) VALUES (4, '4');
INSERT INTO bus_route (id, name) VALUES (5, '5');
INSERT INTO bus_route (id, name) VALUES (6, '6');





/* Building the bus stops */

INSERT INTO bus_stop (id, name, latitude, longitude) VALUES (390030001, 'Dove Street', 52.05648, 1.16433);
INSERT INTO bus_stop (id, name, latitude, longitude) VALUES (390030002, 'Dove Street',52.0566882802, 1.16564470138);
INSERT INTO bus_stop (id, name, latitude, longitude) VALUES (390030003, 'Bixley Shops', 52.05772, 1.1594);
INSERT INTO bus_stop (id, name, latitude, longitude) VALUES (390030004, 'St Michaels Church',52.056879852, 1.160187003);
INSERT INTO bus_stop (id, name, latitude, longitude) VALUES (390030005, 'St Michaels Church',52.0568751956, 1.15935504456);
INSERT INTO bus_stop (id, name, latitude, longitude) VALUES (390030006, 'The Dhaka',52.0554131366, 1.15887248902);
INSERT INTO bus_stop (id, name, latitude, longitude) VALUES (390030007, 'Christ Church',52.055908456, 1.15750684723);
INSERT INTO bus_stop (id, name, latitude, longitude) VALUES (390030008, 'Co-op Education Centre',52.0551637179, 1.15945304858);
INSERT INTO bus_stop (id, name, latitude, longitude) VALUES (390030009, 'Angel Lane',52.0536934226, 1.16028293511);
INSERT INTO bus_stop (id, name, latitude, longitude) VALUES (390030010, 'Rope Walk',52.0550575243, 1.16039386172);
INSERT INTO bus_stop (id, name, latitude, longitude) VALUES (390030011, 'Suffolk New College',52.0548821583, 1.16290543356);
INSERT INTO bus_stop (id, name, latitude, longitude) VALUES (390030012, 'Fore Street',52.0533869267, 1.16265386339);
INSERT INTO bus_stop (id, name, latitude, longitude) VALUES (390030013, 'Holy Trinity Church', 52.0524, 1.16563);
INSERT INTO bus_stop (id, name, latitude, longitude) VALUES (390030015, 'Coprolite Street',52.0518884144, 1.16486751625);
INSERT INTO bus_stop (id, name, latitude, longitude) VALUES (390030017, 'John Street',52.04904,1.16668);
INSERT INTO bus_stop (id, name, latitude, longitude) VALUES (390030022, 'Toller Road',52.04538	,1.16578);
INSERT INTO bus_stop (id, name, latitude, longitude) VALUES (390030028, 'Beech Grove', 52.04499, 1.17582);
INSERT INTO bus_stop (id, name, latitude, longitude) VALUES (390030030, 'Cliff Lane', 52.04432, 1.17985);
INSERT INTO bus_stop (id, name, latitude, longitude) VALUES (390030033, 'Cliff Lane Triangle', 52.04479, 1.18034);
INSERT INTO bus_stop (id, name, latitude, longitude) VALUES (390030035, 'Elmhurst Drive', 52.04732, 1.17728);
INSERT INTO bus_stop (id, name, latitude, longitude) VALUES (390030037, 'Holywells Park', 52.04895, 1.17442);
INSERT INTO bus_stop (id, name, latitude, longitude) VALUES (390030038, 'Cavendish Street', 52.05094, 1.1687);
INSERT INTO bus_stop (id, name, latitude, longitude) VALUES (390030040, 'Grove Lane', 52.05683, 1.16792);
INSERT INTO bus_stop (id, name, latitude, longitude) VALUES (390030041, 'Grove Lane',52.0568960978, 1.16795003785);
INSERT INTO bus_stop (id, name, latitude, longitude) VALUES (390030042, 'Nottidge Road',52.057149889, 1.17055045678);
INSERT INTO bus_stop (id, name, latitude, longitude) VALUES (390030043, 'Nottidge Road',52.0570687054, 1.17055929429);
INSERT INTO bus_stop (id, name, latitude, longitude) VALUES (390030044, 'Viaduct',52.057517368, 1.17460340427);
INSERT INTO bus_stop (id, name, latitude, longitude) VALUES (390030045, 'Viaduct',52.0578415463, 1.17558936903);
INSERT INTO bus_stop (id, name, latitude, longitude) VALUES (390030046, 'Grange Road',52.0562749829, 1.16930668694);
INSERT INTO bus_stop (id, name, latitude, longitude) VALUES (390030047, 'Grange Road',52.0564069298, 1.1690825947);
INSERT INTO bus_stop (id, name, latitude, longitude) VALUES (390030049, 'Alexandra Park', 52.05488, 1.17017);
INSERT INTO bus_stop (id, name, latitude, longitude) VALUES (390030052, 'Wellesley Road', 52.05321, 1.17512);
INSERT INTO bus_stop (id, name, latitude, longitude) VALUES (390030054, 'Fuschia Lane', 52.05267, 1.17855);
INSERT INTO bus_stop (id, name, latitude, longitude) VALUES (390030068, 'Hatfield Road', 52.04376, 1.18197);
INSERT INTO bus_stop (id, name, latitude, longitude) VALUES (390030070, 'Newton Road', 52.04864, 1.1779);
INSERT INTO bus_stop (id, name, latitude, longitude) VALUES (390030072, 'Bishops Hill Junction', 52.04939, 1.17381);
INSERT INTO bus_stop (id, name, latitude, longitude) VALUES (390030081, 'Webb Street',52.0474111378, 1.15307104158);
INSERT INTO bus_stop (id, name, latitude, longitude) VALUES (390030120, 'Car Park',52.0507610192, 1.15056450174);
INSERT INTO bus_stop (id, name, latitude, longitude) VALUES (390030121, 'Car Park',52.0508191499, 1.15007260245);
INSERT INTO bus_stop (id, name, latitude, longitude) VALUES (390030122, 'Railway Station',52.0508102547, 1.14569558483);
INSERT INTO bus_stop (id, name, latitude, longitude) VALUES (390030123, 'Cardinal Park Cinema',52.0532253628, 1.14989184384);
INSERT INTO bus_stop (id, name, latitude, longitude) VALUES (390030124, 'Cardinal Park Cinema',52.0532808003, 1.15017293283);
INSERT INTO bus_stop (id, name, latitude, longitude) VALUES (390030125, 'Cobden Place', 52.05819, 1.1604);
INSERT INTO bus_stop (id, name, latitude, longitude) VALUES (390030126, 'Cobden Place',52.0582412296, 1.16006429935);
INSERT INTO bus_stop (id, name, latitude, longitude) VALUES (390030127, 'Cobden Place',52.0582966544, 1.16000985202);
INSERT INTO bus_stop (id, name, latitude, longitude) VALUES (390030128, 'St Margarets Green',52.0588602787, 1.15911585823);
INSERT INTO bus_stop (id, name, latitude, longitude) VALUES (390030131, 'Christchurch Mansion Gates',52.0593548212, 1.15777924212);
INSERT INTO bus_stop (id, name, latitude, longitude) VALUES (390030132, 'Coach Stop',52.05967521, 1.1518633628);
INSERT INTO bus_stop (id, name, latitude, longitude) VALUES (390030133, 'Ipswich Furniture Project',52.0595665671, 1.14886458726);
INSERT INTO bus_stop (id, name, latitude, longitude) VALUES (390030134, 'Ipswich Furniture Project',52.0594674102, 1.14853661104);
INSERT INTO bus_stop (id, name, latitude, longitude) VALUES (390030135, 'Wolsey Theatre',52.059073935, 1.14777938819);
INSERT INTO bus_stop (id, name, latitude, longitude) VALUES (390030136, 'Wolsey Theatre',52.0591652389, 1.14739186294);
INSERT INTO bus_stop (id, name, latitude, longitude) VALUES (390030137, 'Alderman Park',52.0579468909, 1.14485499095);
INSERT INTO bus_stop (id, name, latitude, longitude) VALUES (390030138, 'Alderman Park',52.0578137587, 1.14445169703);
INSERT INTO bus_stop (id, name, latitude, longitude) VALUES (390030139, 'Bus Depot',52.0552438462, 1.14301641784);
INSERT INTO bus_stop (id, name, latitude, longitude) VALUES (390030140, 'Bus Depot',52.0551684941, 1.14280687401);
INSERT INTO bus_stop (id, name, latitude, longitude) VALUES (390030141, 'Dillwyn Street',52.0578825237, 1.1415384768);
INSERT INTO bus_stop (id, name, latitude, longitude) VALUES (390030142, 'Dillwyn Street',52.0578348775, 1.14130168762);
INSERT INTO bus_stop (id, name, latitude, longitude) VALUES (390030143, 'Suffolk Retail Park',52.057996566, 1.13658578604);
INSERT INTO bus_stop (id, name, latitude, longitude) VALUES (390030144, 'Suffolk Retail Park',52.0581417517, 1.13653760238);
INSERT INTO bus_stop (id, name, latitude, longitude) VALUES (390030157, 'McDonalds',52.0568718214, 1.13288864677);
INSERT INTO bus_stop (id, name, latitude, longitude) VALUES (390030158, 'Bingo Hall',52.0554839796, 1.13333129056);
INSERT INTO bus_stop (id, name, latitude, longitude) VALUES (390030159, 'Bingo Hall',52.0547819512, 1.13402618478);
INSERT INTO bus_stop (id, name, latitude, longitude) VALUES (390030160, 'Compair Crescent',52.0525840162, 1.13786951366);
INSERT INTO bus_stop (id, name, latitude, longitude) VALUES (390030161, 'Compair Crescent',52.0526045, 1.13912556308);
INSERT INTO bus_stop (id, name, latitude, longitude) VALUES (390030162, 'Railway Station',52.0510805366, 1.1436576672);
INSERT INTO bus_stop (id, name, latitude, longitude) VALUES (390030163, 'Railway Station',52.0511199792, 1.14386467053);
INSERT INTO bus_stop (id, name, latitude, longitude) VALUES (390030164, 'Rail Station',52.0500974394, 1.14443470312);
INSERT INTO bus_stop (id, name, latitude, longitude) VALUES (390030165, 'Railway Station',52.050582655, 1.14512524799);
INSERT INTO bus_stop (id, name, latitude, longitude) VALUES (390030166, 'Railway Station',52.0505307989, 1.14571970667);
INSERT INTO bus_stop (id, name, latitude, longitude) VALUES (390030167, 'Railway Station',52.0504839685, 1.14578935443);
INSERT INTO bus_stop (id, name, latitude, longitude) VALUES (390030168, 'Fire Station',52.0526747588, 1.14592876126);
INSERT INTO bus_stop (id, name, latitude, longitude) VALUES (390030169, 'Fire Station',52.0527938235, 1.14618513752);
INSERT INTO bus_stop (id, name, latitude, longitude) VALUES (390030170, 'St Clare House',52.0547743503, 1.14779789691);
INSERT INTO bus_stop (id, name, latitude, longitude) VALUES (390030171, 'St Clare House',52.0549933481, 1.1483531076);
INSERT INTO bus_stop (id, name, latitude, longitude) VALUES (390030172, 'AXA Offices',52.0558192557, 1.148746778);
INSERT INTO bus_stop (id, name, latitude, longitude) VALUES (390030173, 'AXA Offices',52.0559902286, 1.14907978164);
INSERT INTO bus_stop (id, name, latitude, longitude) VALUES (390030243, 'Old Cattle Market Bus Station',52.0552437775, 1.15512563422);
INSERT INTO bus_stop (id, name, latitude, longitude) VALUES (390030256, 'Revolution',52.0559923746, 1.15471154807);
INSERT INTO bus_stop (id, name, latitude, longitude) VALUES (390030257, 'Revolution',52.0559279713, 1.15442980391);
INSERT INTO bus_stop (id, name, latitude, longitude) VALUES (390030270, 'Tower Ramparts Bus Station',52.0593813736, 1.15477541159);
INSERT INTO bus_stop (id, name, latitude, longitude) VALUES (390030274, 'Gippeswyk Avenue',52.0506751708, 1.14165982622);
INSERT INTO bus_stop (id, name, latitude, longitude) VALUES (390030275, 'Ancaster Road',52.0501310221, 1.14115482265);
INSERT INTO bus_stop (id, name, latitude, longitude) VALUES (390030382, 'Lacey Street', 52.05838, 1.16546);
INSERT INTO bus_stop (id, name, latitude, longitude) VALUES (390030383, 'Lacey Street',52.0582920364, 1.16553931226);
INSERT INTO bus_stop (id, name, latitude, longitude) VALUES (390030384, 'Medical Centre',52.0590724484, 1.16762263948);
INSERT INTO bus_stop (id, name, latitude, longitude) VALUES (390030385, 'Duke of York',52.0595656025, 1.16935009907);
INSERT INTO bus_stop (id, name, latitude, longitude) VALUES (390030386, 'Cobbold Mews',52.058821952, 1.16121420274);
INSERT INTO bus_stop (id, name, latitude, longitude) VALUES (390030387, 'St Margarets Green',52.058843878, 1.15939192226);
INSERT INTO bus_stop (id, name, latitude, longitude) VALUES (390030388, 'Samuel Court',52.0593085511, 1.16318915934);
INSERT INTO bus_stop (id, name, latitude, longitude) VALUES (390030389, 'Cemetery Road',52.0590197659, 1.16255593293);
INSERT INTO bus_stop (id, name, latitude, longitude) VALUES (390030390, 'Norfolk Road',52.061132279, 1.16527335075);
INSERT INTO bus_stop (id, name, latitude, longitude) VALUES (390030391, 'Norfolk Road',52.0610995297, 1.16481870061);
INSERT INTO bus_stop (id, name, latitude, longitude) VALUES (390030392, 'Tuddenham Avenue',52.0629518431, 1.16550423778);
INSERT INTO bus_stop (id, name, latitude, longitude) VALUES (390030393, 'Tuddenham Avenue',52.0630025721, 1.16562456352);
INSERT INTO bus_stop (id, name, latitude, longitude) VALUES (390030394, 'Tuddenham Avenue',52.0648881611, 1.16507214871);
INSERT INTO bus_stop (id, name, latitude, longitude) VALUES (390030395, 'Tuddenham Avenue',52.0648733391, 1.16495435898);
INSERT INTO bus_stop (id, name, latitude, longitude) VALUES (390030396, 'Gainsborough Road',52.0650236492, 1.16438128718);
INSERT INTO bus_stop (id, name, latitude, longitude) VALUES (390030397, 'Gainsborough Road',52.0650361485, 1.16425083733);
INSERT INTO bus_stop (id, name, latitude, longitude) VALUES (390030398, 'Belvedere Road',52.0663747689, 1.1656443197);
INSERT INTO bus_stop (id, name, latitude, longitude) VALUES (390030399, 'Belvedere Road',52.066323228, 1.16588875468);
INSERT INTO bus_stop (id, name, latitude, longitude) VALUES (390030400, 'The Albany',52.0686901756, 1.16817240667);
INSERT INTO bus_stop (id, name, latitude, longitude) VALUES (390030401, 'The Albany',52.0688447412, 1.16811038577);
INSERT INTO bus_stop (id, name, latitude, longitude) VALUES (390030402, 'Tuddenham Road',52.070349517, 1.17001209475);
INSERT INTO bus_stop (id, name, latitude, longitude) VALUES (390030403, 'Tuddenham Road',52.0704517909, 1.16988799388);
INSERT INTO bus_stop (id, name, latitude, longitude) VALUES (390030404, 'Cranfield Court',52.0710341894, 1.169301704);
INSERT INTO bus_stop (id, name, latitude, longitude) VALUES (390030405, 'Cranfield Court',52.071122821, 1.16901609147);
INSERT INTO bus_stop (id, name, latitude, longitude) VALUES (390030406, 'Bromeswell Road',52.0718897265, 1.17226672671);
INSERT INTO bus_stop (id, name, latitude, longitude) VALUES (390030407, 'Bromeswell Road',52.0715592023, 1.17184922065);
INSERT INTO bus_stop (id, name, latitude, longitude) VALUES (390030408, 'Armstrong House',52.0720542407, 1.17083349247);
INSERT INTO bus_stop (id, name, latitude, longitude) VALUES (390030409, 'Armstrong House',52.0722213576, 1.17030532514);
INSERT INTO bus_stop (id, name, latitude, longitude) VALUES (390030410, 'Chelsworth Avenue',52.0721991495, 1.1664506634);
INSERT INTO bus_stop (id, name, latitude, longitude) VALUES (390030411, 'Chelsworth Avenue',52.0722756953, 1.16594525671);
INSERT INTO bus_stop (id, name, latitude, longitude) VALUES (390030412, 'Chelsworth Avenue',52.0723847814, 1.16355938697);
INSERT INTO bus_stop (id, name, latitude, longitude) VALUES (390030413, 'Chelsworth Avenue',52.072275517, 1.16327435179);
INSERT INTO bus_stop (id, name, latitude, longitude) VALUES (390030414, 'Chelsworth Avenue',52.0724921581, 1.16291020321);
INSERT INTO bus_stop (id, name, latitude, longitude) VALUES (390030415, 'Chelsworth Avenue',52.0726482862, 1.16278988936);
INSERT INTO bus_stop (id, name, latitude, longitude) VALUES (390030416, 'Borrowdale Avenue',52.0704996826, 1.16275469477);
INSERT INTO bus_stop (id, name, latitude, longitude) VALUES (390030417, 'Borrowdale Avenue',52.0699930651, 1.16286481089);
INSERT INTO bus_stop (id, name, latitude, longitude) VALUES (390030418, 'Park North',52.0684936581, 1.16042377079);
INSERT INTO bus_stop (id, name, latitude, longitude) VALUES (390030419, 'Park North',52.0684518865, 1.1606397258);
INSERT INTO bus_stop (id, name, latitude, longitude) VALUES (390030420, 'Manor Road',52.0675253252, 1.16031156867);
INSERT INTO bus_stop (id, name, latitude, longitude) VALUES (390030421, 'Manor Road',52.0671846068, 1.15993725436);
INSERT INTO bus_stop (id, name, latitude, longitude) VALUES (390030422, 'Park Gates',52.0652354564, 1.15950770606);
INSERT INTO bus_stop (id, name, latitude, longitude) VALUES (390030423, 'Park Gates',52.0651729971, 1.15982433386);
INSERT INTO bus_stop (id, name, latitude, longitude) VALUES (390030424, 'Woolpack',52.0624182447, 1.15992159162);
INSERT INTO bus_stop (id, name, latitude, longitude) VALUES (390030425, 'Woolpack',52.0623261306, 1.16000263583);
INSERT INTO bus_stop (id, name, latitude, longitude) VALUES (390030426, 'Hervey Street',52.0630145582, 1.16149587274);
INSERT INTO bus_stop (id, name, latitude, longitude) VALUES (390030427, 'Hervey Street',52.0632116417, 1.16186001062);
INSERT INTO bus_stop (id, name, latitude, longitude) VALUES (390030438, 'Brook Car Sales', 52.03729, 1.20253);
INSERT INTO bus_stop (id, name, latitude, longitude) VALUES (390030440, 'Warren Heath Road', 52.03942, 1.20007);
INSERT INTO bus_stop (id, name, latitude, longitude) VALUES (390030448, 'Halfway House',52.0276049815, 1.204749691);
INSERT INTO bus_stop (id, name, latitude, longitude) VALUES (390030449, 'Sainsburys Car Park', 52.03628, 1.20728);
INSERT INTO bus_stop (id, name, latitude, longitude) VALUES (390030451, 'Euro Retail Park', 52.03347, 1.20499);
INSERT INTO bus_stop (id, name, latitude, longitude) VALUES (390030455, 'The Thrasher', 52.03097, 1.20221);
INSERT INTO bus_stop (id, name, latitude, longitude) VALUES (390030461, 'Crane Boulevard', 52.03211, 1.19915);
INSERT INTO bus_stop (id, name, latitude, longitude) VALUES (390030463, 'The Drift', 52.03367, 1.19657);
INSERT INTO bus_stop (id, name, latitude, longitude) VALUES (390030467, 'Glemham Drive', 52.04952, 1.218);
INSERT INTO bus_stop (id, name, latitude, longitude) VALUES (390030478, 'Golf Hotel', 52.04909, 1.21196);
INSERT INTO bus_stop (id, name, latitude, longitude) VALUES (390030493, 'Bridport Avenue Shops', 52.04539, 1.20512);
INSERT INTO bus_stop (id, name, latitude, longitude) VALUES (390030495, 'Wareham Avenue', 52.04622, 1.20869);
INSERT INTO bus_stop (id, name, latitude, longitude) VALUES (390030498, 'Dorchester Road', 52.04315, 1.20108);
INSERT INTO bus_stop (id, name, latitude, longitude) VALUES (390030500, 'St Augustines Gardens', 52.04265, 1.19843);
INSERT INTO bus_stop (id, name, latitude, longitude) VALUES (390030501, 'Princethorpe Road', 52.04612, 1.20008);
INSERT INTO bus_stop (id, name, latitude, longitude) VALUES (390030503, 'Arundel Way', 52.04865, 1.20967);
INSERT INTO bus_stop (id, name, latitude, longitude) VALUES (390030505, 'Broke Hall', 52.04815, 1.20052);
INSERT INTO bus_stop (id, name, latitude, longitude) VALUES (390030511, 'Hossack Road', 52.0328, 1.18409);
INSERT INTO bus_stop (id, name, latitude, longitude) VALUES (390030521, 'Windermere Close', 52.03174, 1.18616);
INSERT INTO bus_stop (id, name, latitude, longitude) VALUES (390030523, 'Gainsborough Sports Centre', 52.03214, 1.18796);
INSERT INTO bus_stop (id, name, latitude, longitude) VALUES (390030528, 'Golden Hind',52.0352777001, 1.19048238227);
INSERT INTO bus_stop (id, name, latitude, longitude) VALUES (390030530, 'The Raven', 52.02964, 1.19968);
INSERT INTO bus_stop (id, name, latitude, longitude) VALUES (390030532, 'Ravenswood Primary School', 52.02976, 1.19513);
INSERT INTO bus_stop (id, name, latitude, longitude) VALUES (390030533, 'Demoiselle Crescent', 52.03106, 1.19321);
INSERT INTO bus_stop (id, name, latitude, longitude) VALUES (390030535, 'Busway (E-bound)', 52.03287, 1.18987);
INSERT INTO bus_stop (id, name, latitude, longitude) VALUES (390030537, 'Crown Street',52.0596670779, 1.15518951118);
INSERT INTO bus_stop (id, name, latitude, longitude) VALUES (390030538, 'Cricketers PH',52.0595070535, 1.15511986272);
INSERT INTO bus_stop (id, name, latitude, longitude) VALUES (390030539, 'A1214',52.0618876706, 1.19591100262);
INSERT INTO bus_stop (id, name, latitude, longitude) VALUES (390030579, 'Rivers Street', 52.06138, 1.1732);
INSERT INTO bus_stop (id, name, latitude, longitude) VALUES (390030605, 'Nelson Road', 52.06187, 1.17926);
INSERT INTO bus_stop (id, name, latitude, longitude) VALUES (390030607, 'Khartoum Road', 52.0616, 1.1759);
INSERT INTO bus_stop (id, name, latitude, longitude) VALUES (390030625, 'Britannia Road',52.0594317516, 1.19029314452);
INSERT INTO bus_stop (id, name, latitude, longitude) VALUES (390030626, 'Britannia Road',52.0594888655, 1.18984489769);
INSERT INTO bus_stop (id, name, latitude, longitude) VALUES (390030627, 'Cowper Street',52.0591997751, 1.18657052704);
INSERT INTO bus_stop (id, name, latitude, longitude) VALUES (390030628, 'Cowper Street',52.0591890871, 1.18563595212);
INSERT INTO bus_stop (id, name, latitude, longitude) VALUES (390030629, 'Crabbe Street',52.0590607559, 1.18373001171);
INSERT INTO bus_stop (id, name, latitude, longitude) VALUES (390030630, 'Crabbe Street',52.0591247741, 1.18369079478);
INSERT INTO bus_stop (id, name, latitude, longitude) VALUES (390030631, 'Fat Cat',52.0591868901, 1.18172545331);
INSERT INTO bus_stop (id, name, latitude, longitude) VALUES (390030632, 'Fat Cat',52.059125627, 1.1816627334);
INSERT INTO bus_stop (id, name, latitude, longitude) VALUES (390030633, 'Upland Road',52.0585497865, 1.18233672446);
INSERT INTO bus_stop (id, name, latitude, longitude) VALUES (390030634, 'Upland Road',52.0584291532, 1.18247405002);
INSERT INTO bus_stop (id, name, latitude, longitude) VALUES (390030655, 'St Johns Road',52.0579154253, 1.17718496495);
INSERT INTO bus_stop (id, name, latitude, longitude) VALUES (390030656, 'St Johns Road',52.0581663206, 1.17755295248);
INSERT INTO bus_stop (id, name, latitude, longitude) VALUES (390030658, 'The Railway', 52.05245, 1.18297);
INSERT INTO bus_stop (id, name, latitude, longitude) VALUES (390030659, 'Orwell Road', 52.05227, 1.1849);
INSERT INTO bus_stop (id, name, latitude, longitude) VALUES (390030662, 'Camden Road', 52.05189, 1.18941);
INSERT INTO bus_stop (id, name, latitude, longitude) VALUES (390030665, 'Chilton Road', 52.05183, 1.19564);
INSERT INTO bus_stop (id, name, latitude, longitude) VALUES (390030666, 'Heath Lane', 52.05114, 1.19987);
INSERT INTO bus_stop (id, name, latitude, longitude) VALUES (390030669, 'Bridge School', 52.05517, 1.20188);
INSERT INTO bus_stop (id, name, latitude, longitude) VALUES (390030678, 'Northgate Street',52.0582444222, 1.15692758127);
INSERT INTO bus_stop (id, name, latitude, longitude) VALUES (390030679, 'Library',52.0588009975, 1.15629568401);
INSERT INTO bus_stop (id, name, latitude, longitude) VALUES (390030680, 'Museum Street',52.0588664627, 1.15082881918);
INSERT INTO bus_stop (id, name, latitude, longitude) VALUES (390030686, 'Willis Building',52.0561402353, 1.1518769751);
INSERT INTO bus_stop (id, name, latitude, longitude) VALUES (390030687, 'RBS',52.05690289, 1.15194528642);
INSERT INTO bus_stop (id, name, latitude, longitude) VALUES (390030688, 'Cafe Nero',52.0569880429, 1.15615320754);
INSERT INTO bus_stop (id, name, latitude, longitude) VALUES (390030689, 'Buttermarket',52.0572472036, 1.15621525822);
INSERT INTO bus_stop (id, name, latitude, longitude) VALUES (390030690, 'Oulton Road', 52.04232, 1.17284);
INSERT INTO bus_stop (id, name, latitude, longitude) VALUES (390030699, 'Powling Road', 52.04172, 1.18053);
INSERT INTO bus_stop (id, name, latitude, longitude) VALUES (390030701, 'Benacre Road', 52.03909, 1.1803);
INSERT INTO bus_stop (id, name, latitude, longitude) VALUES (390030710, 'Landseer Road', 52.03796, 1.18853);
INSERT INTO bus_stop (id, name, latitude, longitude) VALUES (390030713, 'Queens Way', 52.04047, 1.1856);
INSERT INTO bus_stop (id, name, latitude, longitude) VALUES (390030714, 'Murrayfield School', 52.04183, 1.18402);
INSERT INTO bus_stop (id, name, latitude, longitude) VALUES (390030717	, 'Greenwich Close ',52.04096, 1.16745);
INSERT INTO bus_stop (id, name, latitude, longitude) VALUES (390030719, 'Holbrook Road', 52.03786, 1.172);
INSERT INTO bus_stop (id, name, latitude, longitude) VALUES (390030722, 'Robeck Road', 52.03727, 1.16728);
INSERT INTO bus_stop (id, name, latitude, longitude) VALUES (390030731, 'Bonnington Road', 52.0366, 1.17579);
INSERT INTO bus_stop (id, name, latitude, longitude) VALUES (390030734, 'All Hallows', 52.03617, 1.17989);
INSERT INTO bus_stop (id, name, latitude, longitude) VALUES (390030812, 'Morrisons',52.0648989151, 1.11916473936);
INSERT INTO bus_stop (id, name, latitude, longitude) VALUES (390030813, 'Morrisons',52.0650999907, 1.11938305557);
INSERT INTO bus_stop (id, name, latitude, longitude) VALUES (390030814, 'Boss Hall',52.0658992683, 1.12315995919);
INSERT INTO bus_stop (id, name, latitude, longitude) VALUES (390030815, 'Boss Hall',52.0658438598, 1.12321446176);
INSERT INTO bus_stop (id, name, latitude, longitude) VALUES (390030832, 'Rose Hill Aldi', 52.04752, 1.1826);
INSERT INTO bus_stop (id, name, latitude, longitude) VALUES (390030834, 'King Edward Road', 52.04648, 1.18537);
INSERT INTO bus_stop (id, name, latitude, longitude) VALUES (390030837, 'Ransome Road', 52.04484, 1.1896);
INSERT INTO bus_stop (id, name, latitude, longitude) VALUES (390030838, 'Howe Avenue', 52.04348, 1.19425);
INSERT INTO bus_stop (id, name, latitude, longitude) VALUES (390030849, 'Post Box',52.0673324214, 1.14871078733);
INSERT INTO bus_stop (id, name, latitude, longitude) VALUES (390030850, 'Post Box',52.0672805067, 1.14863416598);
INSERT INTO bus_stop (id, name, latitude, longitude) VALUES (390030851, 'Ivry Street',52.0639901601, 1.14723518548);
INSERT INTO bus_stop (id, name, latitude, longitude) VALUES (390030852, 'Ivry Street',52.0640381593, 1.14712182412);
INSERT INTO bus_stop (id, name, latitude, longitude) VALUES (390030853, 'Warrington Road',52.0655174668, 1.14797013219);
INSERT INTO bus_stop (id, name, latitude, longitude) VALUES (390030854, 'Warrington Road',52.0655260755, 1.1483209647);
INSERT INTO bus_stop (id, name, latitude, longitude) VALUES (390030855, 'Ipswich Prep School',52.063850616, 1.15043565924);
INSERT INTO bus_stop (id, name, latitude, longitude) VALUES (390030856, 'Ipswich Prep School',52.0637873873, 1.15044579854);
INSERT INTO bus_stop (id, name, latitude, longitude) VALUES (390030857, 'Ipswich School',52.0655691799, 1.15208894066);
INSERT INTO bus_stop (id, name, latitude, longitude) VALUES (390030858, 'Ipswich School',52.0658962596, 1.1523016971);
INSERT INTO bus_stop (id, name, latitude, longitude) VALUES (390030859, 'Elsmere Road',52.068362218, 1.15358461517);
INSERT INTO bus_stop (id, name, latitude, longitude) VALUES (390030860, 'Elsmere Road',52.068366904, 1.15374547654);
INSERT INTO bus_stop (id, name, latitude, longitude) VALUES (390030863, 'Drumbeg',52.0687037203, 1.15292278377);
INSERT INTO bus_stop (id, name, latitude, longitude) VALUES (390030864, 'Drumbeg',52.0687021445, 1.15230973179);
INSERT INTO bus_stop (id, name, latitude, longitude) VALUES (390030865, 'Park Road',52.0674211971, 1.15345989411);
INSERT INTO bus_stop (id, name, latitude, longitude) VALUES (390030866, 'Park Road',52.0673392342, 1.1534978957);
INSERT INTO bus_stop (id, name, latitude, longitude) VALUES (390030871, 'Berners Street',52.0621348081, 1.14968738628);
INSERT INTO bus_stop (id, name, latitude, longitude) VALUES (390030872, 'Berners Street',52.062164466, 1.14958733253);
INSERT INTO bus_stop (id, name, latitude, longitude) VALUES (390030873, 'Berners Street',52.0628357761, 1.14937194103);
INSERT INTO bus_stop (id, name, latitude, longitude) VALUES (390030874, 'Berners Street',52.0629368603, 1.14929150569);
INSERT INTO bus_stop (id, name, latitude, longitude) VALUES (390030875, 'Redan Street',52.0633351764, 1.14650327869);
INSERT INTO bus_stop (id, name, latitude, longitude) VALUES (390030876, 'Redan Street',52.0632575223, 1.14671669729);
INSERT INTO bus_stop (id, name, latitude, longitude) VALUES (390030877, 'South Street',52.0612223471, 1.14512900476);
INSERT INTO bus_stop (id, name, latitude, longitude) VALUES (390030878, 'South Street',52.0611755169, 1.14519866933);
INSERT INTO bus_stop (id, name, latitude, longitude) VALUES (390030903, 'Crown Street',52.0595613072, 1.15611586684);
INSERT INTO bus_stop (id, name, latitude, longitude) VALUES (390030904, 'Crown Street',52.0596034595, 1.15622097645);
INSERT INTO bus_stop (id, name, latitude, longitude) VALUES (390030905, 'Barrack Corner',52.0600765395, 1.14660969297);
INSERT INTO bus_stop (id, name, latitude, longitude) VALUES (390030906, 'Barrack Corner',52.0603746731, 1.14588651547);
INSERT INTO bus_stop (id, name, latitude, longitude) VALUES (390030996, 'Old Cemetery',52.0668035026, 1.17110335729);
INSERT INTO bus_stop (id, name, latitude, longitude) VALUES (390030997, 'Old Cemetery',52.0670120592, 1.17003823606);
INSERT INTO bus_stop (id, name, latitude, longitude) VALUES (390031001, 'Cotman Road', 52.0354, 1.18164);
INSERT INTO bus_stop (id, name, latitude, longitude) VALUES (390031011, 'Anglesea Road',52.062935015, 1.15171363776);
INSERT INTO bus_stop (id, name, latitude, longitude) VALUES (390031012, 'Anglesea Road',52.0630735678, 1.15157747923);
INSERT INTO bus_stop (id, name, latitude, longitude) VALUES (390031013, 'Granville Street',52.0613576856, 1.1441025294);
INSERT INTO bus_stop (id, name, latitude, longitude) VALUES (390031014, 'Greenwich Shops', 52.03651, 1.16944);
INSERT INTO bus_stop (id, name, latitude, longitude) VALUES (390031016, 'Old County Hall',52.0565781287, 1.16070551979);
INSERT INTO bus_stop (id, name, latitude, longitude) VALUES (390031017, 'Sir Alf Ramsey Way',52.0560856482, 1.14618314792);
INSERT INTO bus_stop (id, name, latitude, longitude) VALUES (390031018, 'Endeavour House',52.0537693463, 1.14367148085);
INSERT INTO bus_stop (id, name, latitude, longitude) VALUES (390031020, 'Christchurch Street',52.0620314297, 1.16059466997);
INSERT INTO bus_stop (id, name, latitude, longitude) VALUES (390031021, 'Christchurch Street',52.0620931089, 1.16030719355);
INSERT INTO bus_stop (id, name, latitude, longitude) VALUES (390031024, 'Old Custom House',52.0527095412, 1.15706231127);
INSERT INTO bus_stop (id, name, latitude, longitude) VALUES (390031025, 'Museum',52.0604831152, 1.15124908612);
INSERT INTO bus_stop (id, name, latitude, longitude) VALUES (390031034, 'Build Center',52.0566206827, 1.13624131257);
INSERT INTO bus_stop (id, name, latitude, longitude) VALUES (390031046, 'Ipswich Hospital', 52.05643, 1.19914);
INSERT INTO bus_stop (id, name, latitude, longitude) VALUES (390031062, 'Priory Heath Waitrose', 52.03321, 1.2035);
INSERT INTO bus_stop (id, name, latitude, longitude) VALUES (390031064, 'Broadlands Way', 52.04896, 1.21634);
INSERT INTO bus_stop (id, name, latitude, longitude) VALUES (390031065, 'Dance East',52.052394566, 1.15505605302);
INSERT INTO bus_stop (id, name, latitude, longitude) VALUES (390031066, 'St Peters Hall',52.0538253896, 1.15334789708);
INSERT INTO bus_stop (id, name, latitude, longitude) VALUES (390031067, 'Blackfriars Court',52.0550603224, 1.15794304051);
INSERT INTO bus_stop (id, name, latitude, longitude) VALUES (390031073, 'Bixley Shops', 52.05502, 1.21642);
INSERT INTO bus_stop (id, name, latitude, longitude) VALUES (390031074, 'Valley Road',52.0711508477, 1.16596778887);
INSERT INTO bus_stop (id, name, latitude, longitude) VALUES (390031076, 'Crown Court',52.0527354281, 1.14365720611);
INSERT INTO bus_stop (id, name, latitude, longitude) VALUES (390039000, 'Cardinal Park Cinema',52.0534716551, 1.15009883464);
INSERT INTO bus_stop (id, name, latitude, longitude) VALUES (390039001, 'Rail Station Entrance',52.0506195136, 1.14711179303);
INSERT INTO bus_stop (id, name, latitude, longitude) VALUES (390039002, 'Rail Station Entrance',52.0506058136, 1.14661484103);
INSERT INTO bus_stop (id, name, latitude, longitude) VALUES (390039003, 'Railway Station',52.050397699, 1.1456520003);
INSERT INTO bus_stop (id, name, latitude, longitude) VALUES (390039004, 'Zest Nightclub',52.0518527301, 1.14538956298);
INSERT INTO bus_stop (id, name, latitude, longitude) VALUES (390039005, 'Buttermarket',52.0571289041, 1.15290956062);
INSERT INTO bus_stop (id, name, latitude, longitude) VALUES (390039007, 'Tavern Street',52.057455235, 1.15617157182);
INSERT INTO bus_stop (id, name, latitude, longitude) VALUES (390039008, 'Sainsburys',52.0562843272, 1.15623487916);
INSERT INTO bus_stop (id, name, latitude, longitude) VALUES (390039009, 'Opium',52.0557800401, 1.15793547458);
INSERT INTO bus_stop (id, name, latitude, longitude) VALUES (390039010, 'Majors Corner',52.0574899148, 1.15957353155);
INSERT INTO bus_stop (id, name, latitude, longitude) VALUES (390039013, 'Kettlebaston Way',52.069575886, 1.16198884771);
INSERT INTO bus_stop (id, name, latitude, longitude) VALUES (390039014, 'St Clements Hospital', 52.05183, 1.19184);
INSERT INTO bus_stop (id, name, latitude, longitude) VALUES (390039015, 'Bibb Way',52.0552603528, 1.14071245141);
INSERT INTO bus_stop (id, name, latitude, longitude) VALUES (390039018, 'Lindbergh Road', 52.03557, 1.1924);
INSERT INTO bus_stop (id, name, latitude, longitude) VALUES (9100, 'Ipswich Rail Station',52.0505923448, 1.14442571019);

INSERT INTO bus_stops_on_route(busStopId, busRouteId, orderID) VALUES (390030270, 1, 1);
INSERT INTO bus_stops_on_route(busStopId, busRouteId, orderID) VALUES (390030680, 1, 2);
INSERT INTO bus_stops_on_route(busStopId, busRouteId, orderID) VALUES (390030686, 1, 3);
INSERT INTO bus_stops_on_route(busStopId, busRouteId, orderID) VALUES (390030243, 1, 4);
INSERT INTO bus_stops_on_route(busStopId, busRouteId, orderID) VALUES (390030007, 1, 5);
INSERT INTO bus_stops_on_route(busStopId, busRouteId, orderID) VALUES (390030008, 1, 6);
INSERT INTO bus_stops_on_route(busStopId, busRouteId, orderID) VALUES (390030012, 1, 7);
INSERT INTO bus_stops_on_route(busStopId, busRouteId, orderID) VALUES (390030015, 1, 8);
INSERT INTO bus_stops_on_route(busStopId, busRouteId, orderID) VALUES (390030017, 1, 9);
INSERT INTO bus_stops_on_route(busStopId, busRouteId, orderID) VALUES (390030022, 1, 10);
INSERT INTO bus_stops_on_route(busStopId, busRouteId, orderID) VALUES (390030717, 1, 11);
INSERT INTO bus_stops_on_route(busStopId, busRouteId, orderID) VALUES (390030722, 1, 12);
INSERT INTO bus_stops_on_route(busStopId, busRouteId, orderID) VALUES (390031014, 1, 13);
INSERT INTO bus_stops_on_route(busStopId, busRouteId, orderID) VALUES (390030719, 1, 14);
INSERT INTO bus_stops_on_route(busStopId, busRouteId, orderID) VALUES (390030731, 1, 15);
INSERT INTO bus_stops_on_route(busStopId, busRouteId, orderID) VALUES (390030734, 1, 16);
INSERT INTO bus_stops_on_route(busStopId, busRouteId, orderID) VALUES (390031001, 1, 17);
INSERT INTO bus_stops_on_route(busStopId, busRouteId, orderID) VALUES (390030511, 1, 18);
INSERT INTO bus_stops_on_route(busStopId, busRouteId, orderID) VALUES (390030521, 1, 19);
INSERT INTO bus_stops_on_route(busStopId, busRouteId, orderID) VALUES (390030523, 1, 20);
INSERT INTO bus_stops_on_route(busStopId, busRouteId, orderID) VALUES (390030535, 1, 21);
INSERT INTO bus_stops_on_route(busStopId, busRouteId, orderID) VALUES (390030533, 1, 22);
INSERT INTO bus_stops_on_route(busStopId, busRouteId, orderID) VALUES (390030532, 1, 23);
INSERT INTO bus_stops_on_route(busStopId, busRouteId, orderID) VALUES (390030530, 1, 24);
INSERT INTO bus_stops_on_route(busStopId, busRouteId, orderID) VALUES (390031062, 1, 25);
INSERT INTO bus_stops_on_route(busStopId, busRouteId, orderID) VALUES (390030270, 2, 1);
INSERT INTO bus_stops_on_route(busStopId, busRouteId, orderID) VALUES (390030680, 2, 2);
INSERT INTO bus_stops_on_route(busStopId, busRouteId, orderID) VALUES (390030686, 2, 3);
INSERT INTO bus_stops_on_route(busStopId, busRouteId, orderID) VALUES (390030243, 2, 4);
INSERT INTO bus_stops_on_route(busStopId, busRouteId, orderID) VALUES (390030007, 2, 5);
INSERT INTO bus_stops_on_route(busStopId, busRouteId, orderID) VALUES (390030008, 2, 6);
INSERT INTO bus_stops_on_route(busStopId, busRouteId, orderID) VALUES (390030012, 2, 7);
INSERT INTO bus_stops_on_route(busStopId, busRouteId, orderID) VALUES (390030015, 2, 8);
INSERT INTO bus_stops_on_route(busStopId, busRouteId, orderID) VALUES (390030017, 2, 9);
INSERT INTO bus_stops_on_route(busStopId, busRouteId, orderID) VALUES (390030022, 2, 10);
INSERT INTO bus_stops_on_route(busStopId, busRouteId, orderID) VALUES (390030690, 2, 11);
INSERT INTO bus_stops_on_route(busStopId, busRouteId, orderID) VALUES (390030028, 2, 12);
INSERT INTO bus_stops_on_route(busStopId, busRouteId, orderID) VALUES (390030030, 2, 13);
INSERT INTO bus_stops_on_route(busStopId, busRouteId, orderID) VALUES (390030699, 2, 14);
INSERT INTO bus_stops_on_route(busStopId, busRouteId, orderID) VALUES (390030701, 2, 15);
INSERT INTO bus_stops_on_route(busStopId, busRouteId, orderID) VALUES (390031001, 2, 16);
INSERT INTO bus_stops_on_route(busStopId, busRouteId, orderID) VALUES (390030511, 2, 17);
INSERT INTO bus_stops_on_route(busStopId, busRouteId, orderID) VALUES (390030521, 2, 18);
INSERT INTO bus_stops_on_route(busStopId, busRouteId, orderID) VALUES (390030523, 2, 19);
INSERT INTO bus_stops_on_route(busStopId, busRouteId, orderID) VALUES (390030535, 2, 20);
INSERT INTO bus_stops_on_route(busStopId, busRouteId, orderID) VALUES (390030533, 2, 21);
INSERT INTO bus_stops_on_route(busStopId, busRouteId, orderID) VALUES (390030532, 2, 22);
INSERT INTO bus_stops_on_route(busStopId, busRouteId, orderID) VALUES (390030530, 2, 23);
INSERT INTO bus_stops_on_route(busStopId, busRouteId, orderID) VALUES (390030455, 2, 24);
INSERT INTO bus_stops_on_route(busStopId, busRouteId, orderID) VALUES (390030451, 2, 25);
INSERT INTO bus_stops_on_route(busStopId, busRouteId, orderID) VALUES (390030449, 2, 26);
INSERT INTO bus_stops_on_route(busStopId, busRouteId, orderID) VALUES (390030438, 2, 27);
INSERT INTO bus_stops_on_route(busStopId, busRouteId, orderID) VALUES (390030440, 2, 28);
INSERT INTO bus_stops_on_route(busStopId, busRouteId, orderID) VALUES (390030500, 2, 29);
INSERT INTO bus_stops_on_route(busStopId, busRouteId, orderID) VALUES (390030501, 2, 30);
INSERT INTO bus_stops_on_route(busStopId, busRouteId, orderID) VALUES (390030505, 2, 31);
INSERT INTO bus_stops_on_route(busStopId, busRouteId, orderID) VALUES (390030669, 2, 32);
INSERT INTO bus_stops_on_route(busStopId, busRouteId, orderID) VALUES (390031046, 2, 33);
INSERT INTO bus_stops_on_route(busStopId, busRouteId, orderID) VALUES (390030270, 3, 1);
INSERT INTO bus_stops_on_route(busStopId, busRouteId, orderID) VALUES (390030680, 3, 2);
INSERT INTO bus_stops_on_route(busStopId, busRouteId, orderID) VALUES (390030686, 3, 3);
INSERT INTO bus_stops_on_route(busStopId, busRouteId, orderID) VALUES (390030243, 3, 4);
INSERT INTO bus_stops_on_route(busStopId, busRouteId, orderID) VALUES (390030007, 3, 5);
INSERT INTO bus_stops_on_route(busStopId, busRouteId, orderID) VALUES (390030008, 3, 6);
INSERT INTO bus_stops_on_route(busStopId, busRouteId, orderID) VALUES (390030012, 3, 7);
INSERT INTO bus_stops_on_route(busStopId, busRouteId, orderID) VALUES (390030013, 3, 8);
INSERT INTO bus_stops_on_route(busStopId, busRouteId, orderID) VALUES (390030038, 3, 9);
INSERT INTO bus_stops_on_route(busStopId, busRouteId, orderID) VALUES (390030037, 3, 10);
INSERT INTO bus_stops_on_route(busStopId, busRouteId, orderID) VALUES (390030035, 3, 11);
INSERT INTO bus_stops_on_route(busStopId, busRouteId, orderID) VALUES (390030033, 3, 12);
INSERT INTO bus_stops_on_route(busStopId, busRouteId, orderID) VALUES (390030068, 3, 13);
INSERT INTO bus_stops_on_route(busStopId, busRouteId, orderID) VALUES (390030714, 3, 14);
INSERT INTO bus_stops_on_route(busStopId, busRouteId, orderID) VALUES (390030713, 3, 15);
INSERT INTO bus_stops_on_route(busStopId, busRouteId, orderID) VALUES (390030710, 3, 16);
INSERT INTO bus_stops_on_route(busStopId, busRouteId, orderID) VALUES (390039018, 3, 17);
INSERT INTO bus_stops_on_route(busStopId, busRouteId, orderID) VALUES (390030463, 3, 18);
INSERT INTO bus_stops_on_route(busStopId, busRouteId, orderID) VALUES (390030461, 3, 19);
INSERT INTO bus_stops_on_route(busStopId, busRouteId, orderID) VALUES (390031062, 3, 20);
INSERT INTO bus_stops_on_route(busStopId, busRouteId, orderID) VALUES (390030270, 4, 1);
INSERT INTO bus_stops_on_route(busStopId, busRouteId, orderID) VALUES (390030680, 4, 2);
INSERT INTO bus_stops_on_route(busStopId, busRouteId, orderID) VALUES (390030686, 4, 3);
INSERT INTO bus_stops_on_route(busStopId, busRouteId, orderID) VALUES (390030243, 4, 4);
INSERT INTO bus_stops_on_route(busStopId, busRouteId, orderID) VALUES (390030007, 4, 5);
INSERT INTO bus_stops_on_route(busStopId, busRouteId, orderID) VALUES (390030008, 4, 6);
INSERT INTO bus_stops_on_route(busStopId, busRouteId, orderID) VALUES (390030012, 4, 7);
INSERT INTO bus_stops_on_route(busStopId, busRouteId, orderID) VALUES (390030013, 4, 8);
INSERT INTO bus_stops_on_route(busStopId, busRouteId, orderID) VALUES (390030038, 4, 9);
INSERT INTO bus_stops_on_route(busStopId, busRouteId, orderID) VALUES (390030072, 4, 10);
INSERT INTO bus_stops_on_route(busStopId, busRouteId, orderID) VALUES (390030070, 4, 11);
INSERT INTO bus_stops_on_route(busStopId, busRouteId, orderID) VALUES (390030832, 4, 12);
INSERT INTO bus_stops_on_route(busStopId, busRouteId, orderID) VALUES (390030834, 4, 13);
INSERT INTO bus_stops_on_route(busStopId, busRouteId, orderID) VALUES (390030837, 4, 14);
INSERT INTO bus_stops_on_route(busStopId, busRouteId, orderID) VALUES (390030838, 4, 15);
INSERT INTO bus_stops_on_route(busStopId, busRouteId, orderID) VALUES (390030500, 4, 16);
INSERT INTO bus_stops_on_route(busStopId, busRouteId, orderID) VALUES (390030498, 4, 17);
INSERT INTO bus_stops_on_route(busStopId, busRouteId, orderID) VALUES (390030493, 4, 18);
INSERT INTO bus_stops_on_route(busStopId, busRouteId, orderID) VALUES (390030495, 4, 19);
INSERT INTO bus_stops_on_route(busStopId, busRouteId, orderID) VALUES (390030503, 4, 20);
INSERT INTO bus_stops_on_route(busStopId, busRouteId, orderID) VALUES (390030478, 4, 21);
INSERT INTO bus_stops_on_route(busStopId, busRouteId, orderID) VALUES (390031064, 4, 22);
INSERT INTO bus_stops_on_route(busStopId, busRouteId, orderID) VALUES (390030467, 4, 23);
INSERT INTO bus_stops_on_route(busStopId, busRouteId, orderID) VALUES (390031073, 4, 24);
INSERT INTO bus_stops_on_route(busStopId, busRouteId, orderID) VALUES (390030270, 5, 1);
INSERT INTO bus_stops_on_route(busStopId, busRouteId, orderID) VALUES (390030003, 5, 2);
INSERT INTO bus_stops_on_route(busStopId, busRouteId, orderID) VALUES (390030001, 5, 3);
INSERT INTO bus_stops_on_route(busStopId, busRouteId, orderID) VALUES (390030040, 5, 4);
INSERT INTO bus_stops_on_route(busStopId, busRouteId, orderID) VALUES (390030049, 5, 5);
INSERT INTO bus_stops_on_route(busStopId, busRouteId, orderID) VALUES (390030052, 5, 6);
INSERT INTO bus_stops_on_route(busStopId, busRouteId, orderID) VALUES (390030054, 5, 7);
INSERT INTO bus_stops_on_route(busStopId, busRouteId, orderID) VALUES (390030658, 5, 8);
INSERT INTO bus_stops_on_route(busStopId, busRouteId, orderID) VALUES (390030659, 5, 9);
INSERT INTO bus_stops_on_route(busStopId, busRouteId, orderID) VALUES (390030662, 5, 10);
INSERT INTO bus_stops_on_route(busStopId, busRouteId, orderID) VALUES (390039014, 5, 11);
INSERT INTO bus_stops_on_route(busStopId, busRouteId, orderID) VALUES (390030665, 5, 12);
INSERT INTO bus_stops_on_route(busStopId, busRouteId, orderID) VALUES (390030666, 5, 13);
INSERT INTO bus_stops_on_route(busStopId, busRouteId, orderID) VALUES (390030669, 5, 14);
INSERT INTO bus_stops_on_route(busStopId, busRouteId, orderID) VALUES (390031046, 5, 15);
INSERT INTO bus_stops_on_route(busStopId, busRouteId, orderID) VALUES (390030270, 6, 1);
INSERT INTO bus_stops_on_route(busStopId, busRouteId, orderID) VALUES (390030125, 6, 2);
INSERT INTO bus_stops_on_route(busStopId, busRouteId, orderID) VALUES (390030382, 6, 3);
INSERT INTO bus_stops_on_route(busStopId, busRouteId, orderID) VALUES (390030384, 6, 4);
INSERT INTO bus_stops_on_route(busStopId, busRouteId, orderID) VALUES (390030579, 6, 5);
INSERT INTO bus_stops_on_route(busStopId, busRouteId, orderID) VALUES (390030607, 6, 6);
INSERT INTO bus_stops_on_route(busStopId, busRouteId, orderID) VALUES (390030605, 6, 7);


















/* Currently at old cattle market on 1 bus route */


